{
    "center": [109.060718, 34.518138],
    "zoom": 12,
    "minZoom": 1,
    "maxZoom": 21,
    "center2D": [109.060718, 34.518138],
    "zoom2D": 12,
    "minZoom2D": 1,
    "maxZoom2D": 21
}